feature,mean_abs_shap,perm_importance_mean,perm_importance_std,native_gain,native_split
Tool wear [min],0.3780365049859206,0.12691395080521678,0.006037651430176029,26052.316206564134,357
Rotational speed [rpm],0.25029014238994407,0.03368425253155496,0.004476916604899001,18465.64892843895,246
power_w,0.22135982061327586,0.023539558358320202,0.007123307121029208,3729.9017187235113,236
speed_torque_ratio,0.2187034894961918,0.1358287383309209,0.015158951812972866,34432.2292278013,324
overstrain_ratio,0.13102097149465125,0.21500458383264656,0.025888155950448362,26026.304051111147,327
low_speed_low_tempdiff,0.12066084759496733,0.28133509259138345,0.007146137693332682,23521.172968409468,285
Air temperature [K],0.0770375544021332,0.006286740828401327,0.00041682195959911057,869.0668851033017,229
Torque [Nm],0.0709898500016464,0.011312926105106858,0.0035752601040324535,2538.663105572906,172
tool_wear_in_critical_band,0.06670086512807935,0.0004964587630407636,0.0014760320625122883,4930.9008271317,17
wear_torque,0.06375253989802003,-8.931195755903509e-05,0.001609382397236295,1893.1024822846605,108
temp_ratio,0.06304337896971544,0.008356314760501938,0.0009153683084431887,1419.306780575288,115
Process temperature [K],0.04608628193792405,0.008856320239950666,0.002166499797575051,1436.8118108789583,159
power_distance_to_safe_band,0.038279339824266324,0.010450727325232289,0.002668446869865189,27438.397646204514,100
power_above_limit,0.02804597682393033,0.017530708744963854,0.005203197330227819,15341.288894563913,105
power_below_limit,0.020681453481261304,0.018462775663120733,0.000952360411434583,10478.27133447479,117
temp_diff,0.019639131215110635,0.0038784193913288688,0.0004110614678478457,1292.6201745741953,48
tool_wear_critical_proximity,0.018250456533089914,-0.0008950010496658001,0.0008089966493345985,160.4294033050537,7
Type_H,0.017551503569214606,0.0,0.0,155.95791959762573,13
Type_L,0.00871805310584012,0.0010973521185510871,0.0010617120219590086,108.76184129714966,9
Type_M,0.005782967483107226,0.00013898601398603104,0.00011348160521636747,21.281660556793213,4
is_known_type,0.0,0.0,0.0,0.0,0
